{
  "profiles": {
    "A": {
      "duration_sec": {
        "mean": 388.07499296198756,
        "std": 135.9290156480436,
        "n": 3
      }
    },
    "B": {
      "duration_sec": {
        "mean": 309.9453680796626,
        "std": 0.48885851870367836,
        "n": 3
      }
    },
    "C": {
      "duration_sec": {
        "mean": 310.05045338138007,
        "std": 0.08288128092486172,
        "n": 3
      },
      "phase_bars": {
        "forward_ms": {
          "mean": 180.24627373614035,
          "std": 0.03272738177481106
        },
        "backward_ms": {
          "mean": 351.9545487999999,
          "std": 0.0960767922550788
        },
        "optimizer_step_ms": {
          "mean": 95.70686161052635,
          "std": 0.11915050688543671
        }
      },
      "gpu_idle_windows": [
        {
          "start_sec": 0,
          "end_sec": 236,
          "avg_gpu_util": 93.4184247538678
        },
        {
          "start_sec": 238,
          "end_sec": 299,
          "avg_gpu_util": 93.16935483870968
        }
      ]
    }
  }
}