{
  "iterations": 109226,
  "total_training_time_sec": 6106.381602318957,
  "carbon_intensity_gco2_per_kwh": 40.0,
  "cumulative_gpu_energy_kwh": 0.24394557527777522,
  "cumulative_carbon_gco2": 9.75782301111104,
  "averages": {
    "gpu_util": 95.04232508743394,
    "gpu_mem_used_mib": 4693.243646201468,
    "gpu_mem_total_mib": 32760.0,
    "gpu_power_w": 180.35994635892052,
    "gpu_energy_mj": 8040.24747770677,
    "step_energy_kwh": 2.233402077140715e-06,
    "step_carbon_gco2": 8.933608308563058e-05,
    "torch_cuda_allocated_mib": 2545.88720703125,
    "torch_cuda_reserved_mib": 3903.993646201454,
    "sys_mem_used_mib": 14331.594848496403,
    "sys_mem_total_mib": 515475.12890625,
    "sys_cpu_percent": 0.8063391500192502,
    "proc_rss_mib": 1940.4965531973228,
    "proc_vms_mib": 18177.6531531026,
    "proc_cpu_percent": 103.78409078424467,
    "io_read_mb": 0.0,
    "io_write_mb": 0.00026661320335817645,
    "step_duration_ms": 52.54459795164233
  },
  "peaks": {
    "gpu_util": 97.0,
    "gpu_mem_used_mib": 4693.25,
    "gpu_power_w": 185.266,
    "torch_cuda_allocated_mib": 2545.88720703125,
    "torch_cuda_reserved_mib": 3904.0,
    "sys_mem_used_mib": 14427.43359375,
    "proc_rss_mib": 2000.65234375,
    "step_duration_ms": 458.732967
  }
}