{
  "forward_ms": {
    "mean": 42.9722854000837,
    "std": 0.004653205158246739
  },
  "backward_ms": {
    "mean": 105.30066266503096,
    "std": 0.13441151575552435
  },
  "optimizer_step_ms": {
    "mean": 95.95028461902119,
    "std": 0.23834708571089241
  }
}