{
  "batches": {
    "batch_16": {
      "profiles": {
        "A": {
          "duration_sec": {
            "mean": 388.07499296198756,
            "std": 135.9290156480436,
            "n": 3
          }
        },
        "B": {
          "duration_sec": {
            "mean": 309.9453680796626,
            "std": 0.48885851870367836,
            "n": 3
          }
        },
        "C": {
          "duration_sec": {
            "mean": 310.05045338138007,
            "std": 0.08288128092486172,
            "n": 3
          },
          "phase_bars": {
            "forward_ms": {
              "mean": 180.24627373614035,
              "std": 0.03272738177481106
            },
            "backward_ms": {
              "mean": 351.9545487999999,
              "std": 0.0960767922550788
            },
            "optimizer_step_ms": {
              "mean": 95.70686161052635,
              "std": 0.11915050688543671
            }
          },
          "gpu_idle_windows": [
            {
              "start_sec": 0,
              "end_sec": 236,
              "avg_gpu_util": 93.4184247538678
            },
            {
              "start_sec": 238,
              "end_sec": 299,
              "avg_gpu_util": 93.16935483870968
            }
          ]
        }
      }
    },
    "batch_8": {
      "profiles": {
        "A": {
          "duration_sec": {
            "mean": 309.90090686137165,
            "std": 0.1107110705739305,
            "n": 3
          }
        },
        "B": {
          "duration_sec": {
            "mean": 309.733189694661,
            "std": 0.5594355124115328,
            "n": 3
          }
        },
        "C": {
          "duration_sec": {
            "mean": 310.42257524832775,
            "std": 1.0050749597437583,
            "n": 3
          },
          "phase_bars": {
            "forward_ms": {
              "mean": 81.45431355961065,
              "std": 0.030921676594732866
            },
            "backward_ms": {
              "mean": 184.75152426845108,
              "std": 0.08426718047139291
            },
            "optimizer_step_ms": {
              "mean": 95.76471493795621,
              "std": 0.03732004070136309
            }
          },
          "gpu_idle_windows": [
            {
              "start_sec": 0,
              "end_sec": 299,
              "avg_gpu_util": 91.79444444444445
            }
          ]
        }
      }
    },
    "batch_4": {
      "profiles": {
        "A": {
          "duration_sec": {
            "mean": 309.7073953526172,
            "std": 0.07670629582428257,
            "n": 3
          }
        },
        "B": {
          "duration_sec": {
            "mean": 309.94957530397613,
            "std": 0.6109104780636269,
            "n": 3
          }
        },
        "C": {
          "duration_sec": {
            "mean": 310.19277489138767,
            "std": 0.7499167446582004,
            "n": 3
          },
          "phase_bars": {
            "forward_ms": {
              "mean": 42.9892662436952,
              "std": 0.03047481313264249
            },
            "backward_ms": {
              "mean": 105.22061660964913,
              "std": 0.020336746973599832
            },
            "optimizer_step_ms": {
              "mean": 95.90511391639251,
              "std": 0.09378716125254737
            }
          },
          "gpu_idle_windows": [
            {
              "start_sec": 0,
              "end_sec": 300,
              "avg_gpu_util": 83.3233665559247
            }
          ]
        }
      }
    }
  },
  "overhead": {
    "batch_16_profile_B": -20.132610010760946,
    "batch_16_profile_C": -20.105531403887728,
    "batch_8_profile_B": -0.0541196114620181,
    "batch_8_profile_C": 0.1683339336562356,
    "batch_4_profile_B": 0.0781963734134282,
    "batch_4_profile_C": 0.15672197243396302
  }
}