start_sec,end_sec,duration_sec,avg_gpu_util
0,275,276,91.83937198067633
277,283,7,91.02380952380952
285,299,15,91.18888888888888
