{
  "iterations": 6250,
  "total_training_time_sec": 3923.353982212022,
  "carbon_intensity_gco2_per_kwh": 40.0,
  "cumulative_gpu_energy_kwh": 0.21947966055555643,
  "cumulative_carbon_gco2": 8.779186422222224,
  "averages": {
    "gpu_util": 93.18847999999996,
    "gpu_mem_used_mib": 29492.746960000015,
    "gpu_mem_total_mib": 32760.0,
    "gpu_power_w": 203.7740667200001,
    "gpu_energy_mj": 126420.28447999999,
    "step_energy_kwh": 3.5116745688888926e-05,
    "step_carbon_gco2": 0.0014046698275555517,
    "torch_cuda_allocated_mib": 5071.695799531248,
    "torch_cuda_reserved_mib": 28703.496960000022,
    "sys_mem_used_mib": 14846.559263749992,
    "sys_mem_total_mib": 515475.12890625,
    "sys_cpu_percent": 0.5101759999999916,
    "proc_rss_mib": 2342.2219931250083,
    "proc_vms_mib": 42246.924627500055,
    "proc_cpu_percent": 100.05487999999646,
    "io_read_mb": 0.0,
    "io_write_mb": 0.0007225000000000012,
    "step_duration_ms": 623.8469756150427
  },
  "peaks": {
    "gpu_util": 100.0,
    "gpu_mem_used_mib": 29493.25,
    "gpu_power_w": 208.26,
    "torch_cuda_allocated_mib": 5071.69580078125,
    "torch_cuda_reserved_mib": 28704.0,
    "sys_mem_used_mib": 15002.05859375,
    "proc_rss_mib": 2466.93359375,
    "step_duration_ms": 735.648714
  }
}