{
  "iterations": 474,
  "total_training_time_sec": 300.13926483877003,
  "carbon_intensity_gco2_per_kwh": 40.0,
  "cumulative_gpu_energy_kwh": 0.01673763055555557,
  "cumulative_carbon_gco2": 0.6695052222222214,
  "averages": {
    "gpu_util": 93.24261603375521,
    "gpu_mem_used_mib": 29486.617088607596,
    "gpu_mem_total_mib": 32760.0,
    "gpu_power_w": 202.6257341772152,
    "gpu_energy_mj": 127121.24472573839,
    "step_energy_kwh": 3.531145686826074e-05,
    "step_carbon_gco2": 0.0014124582747304245,
    "torch_cuda_allocated_mib": 5071.695784299183,
    "torch_cuda_reserved_mib": 28697.367088607603,
    "sys_mem_used_mib": 17067.279824301153,
    "sys_mem_total_mib": 515475.12890625,
    "sys_cpu_percent": 0.5082278481012652,
    "proc_rss_mib": 2297.1855303929365,
    "proc_vms_mib": 42197.55991231542,
    "proc_cpu_percent": 100.06244725738402,
    "io_read_mb": null,
    "io_write_mb": null,
    "step_duration_ms": 629.0821439641355
  },
  "peaks": {
    "gpu_util": 100.0,
    "gpu_mem_used_mib": 29493.25,
    "gpu_power_w": 206.877,
    "torch_cuda_allocated_mib": 5071.69580078125,
    "torch_cuda_reserved_mib": 28704.0,
    "sys_mem_used_mib": 17076.16796875,
    "proc_rss_mib": 2306.6328125,
    "step_duration_ms": 750.969998
  }
}