{
  "iterations": 822,
  "total_training_time_sec": 300.27885175310075,
  "carbon_intensity_gco2_per_kwh": 40.0,
  "cumulative_gpu_energy_kwh": 0.01591267916666667,
  "cumulative_carbon_gco2": 0.6365071666666667,
  "averages": {
    "gpu_util": 91.7761557177615,
    "gpu_mem_used_mib": 17673.595498783456,
    "gpu_mem_total_mib": 32760.0,
    "gpu_power_w": 192.6700705596108,
    "gpu_energy_mj": 139381.1313868613,
    "step_energy_kwh": 3.871698094079483e-05,
    "step_carbon_gco2": 0.0015486792376317917,
    "torch_cuda_allocated_mib": 5070.914531772735,
    "torch_cuda_reserved_mib": 16884.345498783456,
    "sys_mem_used_mib": 15269.369525547445,
    "sys_mem_total_mib": 515475.12890625,
    "sys_cpu_percent": 0.5085158150851578,
    "proc_rss_mib": 2292.527619373478,
    "proc_vms_mib": 30515.15885416666,
    "proc_cpu_percent": 100.07420924574217,
    "io_read_mb": null,
    "io_write_mb": null,
    "step_duration_ms": 362.8245606253037
  },
  "peaks": {
    "gpu_util": 100.0,
    "gpu_mem_used_mib": 17681.25,
    "gpu_power_w": 194.238,
    "torch_cuda_allocated_mib": 5070.91455078125,
    "torch_cuda_reserved_mib": 16892.0,
    "sys_mem_used_mib": 15276.5859375,
    "proc_rss_mib": 2300.828125,
    "step_duration_ms": 494.912982
  }
}