{
  "iterations": 474,
  "averages_ms": {
    "step_ms": 628.999254978903,
    "forward_ms": 180.38276719409285,
    "backward_ms": 352.0657289641352,
    "optimizer_step_ms": 95.76557565611812,
    "checkpoint_ms": 0.0
  }
}