{
  "forward_ms": {
    "mean": 180.24627373614035,
    "std": 0.03272738177481106
  },
  "backward_ms": {
    "mean": 351.9545487999999,
    "std": 0.0960767922550788
  },
  "optimizer_step_ms": {
    "mean": 95.70686161052635,
    "std": 0.11915050688543671
  }
}