{
  "iterations": 1216,
  "total_training_time_sec": 300.1389303356409,
  "carbon_intensity_gco2_per_kwh": 40.0,
  "cumulative_gpu_energy_kwh": 0.014602533333333341,
  "cumulative_carbon_gco2": 0.5841013333333328,
  "averages": {
    "gpu_util": 83.38669950738912,
    "gpu_mem_used_mib": 11384.46674876847,
    "gpu_mem_total_mib": 32760.0,
    "gpu_power_w": 174.7969137931035,
    "gpu_energy_mj": 129480.59113300493,
    "step_energy_kwh": 3.59668308702792e-05,
    "step_carbon_gco2": 0.0014386732348111654,
    "torch_cuda_allocated_mib": 5071.779583108839,
    "torch_cuda_reserved_mib": 10595.21674876847,
    "sys_mem_used_mib": 17034.27156134544,
    "sys_mem_total_mib": 515475.12890625,
    "sys_cpu_percent": 0.510591133004926,
    "proc_rss_mib": 2223.5310383312785,
    "proc_vms_mib": 24652.682169796797,
    "proc_cpu_percent": 100.07463054187184,
    "io_read_mb": null,
    "io_write_mb": null,
    "step_duration_ms": 244.7772216175986
  },
  "peaks": {
    "gpu_util": 90.0,
    "gpu_mem_used_mib": 11391.25,
    "gpu_power_w": 177.854,
    "torch_cuda_allocated_mib": 5071.78173828125,
    "torch_cuda_reserved_mib": 10602.0,
    "sys_mem_used_mib": 17046.2734375,
    "proc_rss_mib": 2231.6171875,
    "step_duration_ms": 356.196458
  }
}