{
  "iterations": 475,
  "total_training_time_sec": 300.54226989112794,
  "carbon_intensity_gco2_per_kwh": 40.0,
  "cumulative_gpu_energy_kwh": 0.01675642694444445,
  "cumulative_carbon_gco2": 0.6702570777777777,
  "averages": {
    "gpu_util": 93.30947368421059,
    "gpu_mem_used_mib": 29486.63105263158,
    "gpu_mem_total_mib": 32760.0,
    "gpu_power_w": 202.7827410526315,
    "gpu_energy_mj": 126996.07789473684,
    "step_energy_kwh": 3.5276688304093564e-05,
    "step_carbon_gco2": 0.001411067532163743,
    "torch_cuda_allocated_mib": 5071.695784333882,
    "torch_cuda_reserved_mib": 28697.381052631586,
    "sys_mem_used_mib": 15279.607754934208,
    "sys_mem_total_mib": 515475.12890625,
    "sys_cpu_percent": 0.5096842105263152,
    "proc_rss_mib": 2311.9940871710533,
    "proc_vms_mib": 42233.65911184209,
    "proc_cpu_percent": 100.06778947368423,
    "io_read_mb": null,
    "io_write_mb": null,
    "step_duration_ms": 628.7377341263159
  },
  "peaks": {
    "gpu_util": 100.0,
    "gpu_mem_used_mib": 29493.25,
    "gpu_power_w": 206.483,
    "torch_cuda_allocated_mib": 5071.69580078125,
    "torch_cuda_reserved_mib": 28704.0,
    "sys_mem_used_mib": 15289.0078125,
    "proc_rss_mib": 2321.546875,
    "step_duration_ms": 755.575224
  }
}