{
  "iterations": 822,
  "total_training_time_sec": 300.3152679800987,
  "carbon_intensity_gco2_per_kwh": 40.0,
  "cumulative_gpu_energy_kwh": 0.015873746944444437,
  "cumulative_carbon_gco2": 0.6349498777777777,
  "averages": {
    "gpu_util": 91.63746958637473,
    "gpu_mem_used_mib": 17673.595498783456,
    "gpu_mem_total_mib": 32760.0,
    "gpu_power_w": 192.13598053527966,
    "gpu_energy_mj": 139040.11922141118,
    "step_energy_kwh": 3.862225533928085e-05,
    "step_carbon_gco2": 0.0015448902135712357,
    "torch_cuda_allocated_mib": 5070.914531772735,
    "torch_cuda_reserved_mib": 16884.345498783456,
    "sys_mem_used_mib": 15220.51167122871,
    "sys_mem_total_mib": 515475.12890625,
    "sys_cpu_percent": 0.5228710462287102,
    "proc_rss_mib": 2292.3631291818747,
    "proc_vms_mib": 30514.94326908455,
    "proc_cpu_percent": 100.07007299270079,
    "io_read_mb": null,
    "io_write_mb": null,
    "step_duration_ms": 362.9288593746966
  },
  "peaks": {
    "gpu_util": 100.0,
    "gpu_mem_used_mib": 17681.25,
    "gpu_power_w": 194.067,
    "torch_cuda_allocated_mib": 5070.91455078125,
    "torch_cuda_reserved_mib": 16892.0,
    "sys_mem_used_mib": 15447.91796875,
    "proc_rss_mib": 2300.65234375,
    "step_duration_ms": 489.042417
  }
}