{
  "iterations": 822,
  "averages_ms": {
    "step_ms": 362.92678696593674,
    "forward_ms": 81.54787956569344,
    "backward_ms": 184.71927751216543,
    "optimizer_step_ms": 95.88788815085165,
    "checkpoint_ms": 0.0
  }
}