{
  "iterations": 822,
  "total_training_time_sec": 300.17659471556544,
  "carbon_intensity_gco2_per_kwh": 40.0,
  "cumulative_gpu_energy_kwh": 0.01584664222222222,
  "cumulative_carbon_gco2": 0.6338656888888883,
  "averages": {
    "gpu_util": 91.70802919708032,
    "gpu_mem_used_mib": 17673.595498783456,
    "gpu_mem_total_mib": 32760.0,
    "gpu_power_w": 191.90108272506086,
    "gpu_energy_mj": 138802.70559610703,
    "step_energy_kwh": 3.855630711002969e-05,
    "step_carbon_gco2": 0.0015422522844011884,
    "torch_cuda_allocated_mib": 5070.914531772735,
    "torch_cuda_reserved_mib": 16884.345498783456,
    "sys_mem_used_mib": 15082.106305124697,
    "sys_mem_total_mib": 515475.12890625,
    "sys_cpu_percent": 0.5148418491484177,
    "proc_rss_mib": 2221.9245837135013,
    "proc_vms_mib": 30442.931987530414,
    "proc_cpu_percent": 100.07518248175197,
    "io_read_mb": null,
    "io_write_mb": null,
    "step_duration_ms": 362.74262366909926
  },
  "peaks": {
    "gpu_util": 100.0,
    "gpu_mem_used_mib": 17681.25,
    "gpu_power_w": 193.835,
    "torch_cuda_allocated_mib": 5070.91455078125,
    "torch_cuda_reserved_mib": 16892.0,
    "sys_mem_used_mib": 15124.65234375,
    "proc_rss_mib": 2230.1484375,
    "step_duration_ms": 469.407252
  }
}