{
  "iterations": 822,
  "averages_ms": {
    "step_ms": 362.7404882664232,
    "forward_ms": 81.46489368978105,
    "backward_ms": 184.67907160462275,
    "optimizer_step_ms": 95.82422572749395,
    "checkpoint_ms": 0.0
  }
}