{
  "forward_ms": {
    "mean": 81.45431355961065,
    "std": 0.030921676594732866
  },
  "backward_ms": {
    "mean": 184.75152426845108,
    "std": 0.08426718047139291
  },
  "optimizer_step_ms": {
    "mean": 95.76471493795621,
    "std": 0.03732004070136309
  }
}