{
  "iterations": 821,
  "total_training_time_sec": 300.0373176150024,
  "carbon_intensity_gco2_per_kwh": 40.0,
  "cumulative_gpu_energy_kwh": 0.015911324999999997,
  "cumulative_carbon_gco2": 0.6364529999999997,
  "averages": {
    "gpu_util": 91.47445255474453,
    "gpu_mem_used_mib": 17673.595498783456,
    "gpu_mem_total_mib": 32760.0,
    "gpu_power_w": 192.6390583941606,
    "gpu_energy_mj": 139369.27007299275,
    "step_energy_kwh": 3.871368613138687e-05,
    "step_carbon_gco2": 0.0015485474452554737,
    "torch_cuda_allocated_mib": 5070.914531772735,
    "torch_cuda_reserved_mib": 16884.345498783456,
    "sys_mem_used_mib": 15233.394474224453,
    "sys_mem_total_mib": 515475.12890625,
    "sys_cpu_percent": 0.5072992700729926,
    "proc_rss_mib": 2287.3932861922144,
    "proc_vms_mib": 30531.02548091545,
    "proc_cpu_percent": 100.06107055961083,
    "io_read_mb": null,
    "io_write_mb": null,
    "step_duration_ms": 363.0832326735693
  },
  "peaks": {
    "gpu_util": 100.0,
    "gpu_mem_used_mib": 17681.25,
    "gpu_power_w": 194.017,
    "torch_cuda_allocated_mib": 5070.91455078125,
    "torch_cuda_reserved_mib": 16892.0,
    "sys_mem_used_mib": 15241.29296875,
    "proc_rss_mib": 2295.71484375,
    "step_duration_ms": 496.047696
  }
}