{
  "profiles": {
    "A": {
      "duration_sec": {
        "mean": 309.90090686137165,
        "std": 0.1107110705739305,
        "n": 3
      }
    },
    "B": {
      "duration_sec": {
        "mean": 309.733189694661,
        "std": 0.5594355124115328,
        "n": 3
      }
    },
    "C": {
      "duration_sec": {
        "mean": 310.42257524832775,
        "std": 1.0050749597437583,
        "n": 3
      },
      "phase_bars": {
        "forward_ms": {
          "mean": 81.45431355961065,
          "std": 0.030921676594732866
        },
        "backward_ms": {
          "mean": 184.75152426845108,
          "std": 0.08426718047139291
        },
        "optimizer_step_ms": {
          "mean": 95.76471493795621,
          "std": 0.03732004070136309
        }
      },
      "gpu_idle_windows": [
        {
          "start_sec": 0,
          "end_sec": 299,
          "avg_gpu_util": 91.79444444444445
        }
      ]
    }
  }
}