{
  "profiles": {
    "A": {
      "duration_sec": {
        "mean": 309.7073953526172,
        "std": 0.07670629582428257,
        "n": 3
      }
    },
    "B": {
      "duration_sec": {
        "mean": 309.94957530397613,
        "std": 0.6109104780636269,
        "n": 3
      }
    },
    "C": {
      "duration_sec": {
        "mean": 310.19277489138767,
        "std": 0.7499167446582004,
        "n": 3
      },
      "phase_bars": {
        "forward_ms": {
          "mean": 42.9892662436952,
          "std": 0.03047481313264249
        },
        "backward_ms": {
          "mean": 105.22061660964913,
          "std": 0.020336746973599832
        },
        "optimizer_step_ms": {
          "mean": 95.90511391639251,
          "std": 0.09378716125254737
        }
      },
      "gpu_idle_windows": [
        {
          "start_sec": 0,
          "end_sec": 300,
          "avg_gpu_util": 83.3233665559247
        }
      ]
    }
  }
}