{
  "iterations": 474,
  "total_training_time_sec": 300.24946877732873,
  "carbon_intensity_gco2_per_kwh": 40.0,
  "cumulative_gpu_energy_kwh": 0.016753824166666664,
  "cumulative_carbon_gco2": 0.6701529666666667,
  "averages": {
    "gpu_util": 92.9978902953587,
    "gpu_mem_used_mib": 29486.617088607596,
    "gpu_mem_total_mib": 32760.0,
    "gpu_power_w": 202.70424894514755,
    "gpu_energy_mj": 127244.23417721518,
    "step_energy_kwh": 3.534562060478198e-05,
    "step_carbon_gco2": 0.0014138248241912805,
    "torch_cuda_allocated_mib": 5071.695784299183,
    "torch_cuda_reserved_mib": 28697.367088607603,
    "sys_mem_used_mib": 15200.295506988397,
    "sys_mem_total_mib": 515475.12890625,
    "sys_cpu_percent": 0.50886075949367,
    "proc_rss_mib": 2294.638729562238,
    "proc_vms_mib": 42197.673935258405,
    "proc_cpu_percent": 100.05105485232086,
    "io_read_mb": null,
    "io_write_mb": null,
    "step_duration_ms": 629.2533922194084
  },
  "peaks": {
    "gpu_util": 100.0,
    "gpu_mem_used_mib": 29493.25,
    "gpu_power_w": 206.804,
    "torch_cuda_allocated_mib": 5071.69580078125,
    "torch_cuda_reserved_mib": 28704.0,
    "sys_mem_used_mib": 15215.63671875,
    "proc_rss_mib": 2304.06640625,
    "step_duration_ms": 748.909061
  }
}