{
  "iterations": 474,
  "averages_ms": {
    "step_ms": 629.2503890337556,
    "forward_ms": 180.35485034810114,
    "backward_ms": 352.1278266898737,
    "optimizer_step_ms": 95.99064159071727,
    "checkpoint_ms": 0.0
  }
}