{
  "iterations": 474,
  "total_training_time_sec": 300.1682758908719,
  "carbon_intensity_gco2_per_kwh": 40.0,
  "cumulative_gpu_energy_kwh": 0.016763534722222223,
  "cumulative_carbon_gco2": 0.6705413888888888,
  "averages": {
    "gpu_util": 93.24472573839654,
    "gpu_mem_used_mib": 29486.617088607596,
    "gpu_mem_total_mib": 32760.0,
    "gpu_power_w": 203.04484388185656,
    "gpu_energy_mj": 127317.98523206751,
    "step_energy_kwh": 3.5366107008907676e-05,
    "step_carbon_gco2": 0.0014146442803563049,
    "torch_cuda_allocated_mib": 5071.695784299183,
    "torch_cuda_reserved_mib": 28697.367088607603,
    "sys_mem_used_mib": 15158.168553863397,
    "sys_mem_total_mib": 515475.12890625,
    "sys_cpu_percent": 0.509704641350211,
    "proc_rss_mib": 2223.1224123154,
    "proc_vms_mib": 42125.79677610759,
    "proc_cpu_percent": 100.06814345991555,
    "io_read_mb": null,
    "io_write_mb": null,
    "step_duration_ms": 629.1049639852324
  },
  "peaks": {
    "gpu_util": 100.0,
    "gpu_mem_used_mib": 29493.25,
    "gpu_power_w": 206.92,
    "torch_cuda_allocated_mib": 5071.69580078125,
    "torch_cuda_reserved_mib": 28704.0,
    "sys_mem_used_mib": 15168.79296875,
    "proc_rss_mib": 2232.6328125,
    "step_duration_ms": 737.424443
  }
}