{
  "forward_ms": {
    "mean": 81.55083800324405,
    "std": 0.005234577116298441
  },
  "backward_ms": {
    "mean": 184.69477799837796,
    "std": 0.030453535099074197
  },
  "optimizer_step_ms": {
    "mean": 95.74515209854017,
    "std": 0.07193102528790803
  }
}