{
  "forward_ms": {
    "mean": 180.25332277203196,
    "std": 0.08588244154078142
  },
  "backward_ms": {
    "mean": 352.079341277224,
    "std": 0.10371713784998751
  },
  "optimizer_step_ms": {
    "mean": 95.8957019187357,
    "std": 0.1857372702165171
  }
}