{
  "iterations": 822,
  "total_training_time_sec": 300.18210299126804,
  "carbon_intensity_gco2_per_kwh": 40.0,
  "cumulative_gpu_energy_kwh": 0.01590492611111112,
  "cumulative_carbon_gco2": 0.6361970444444451,
  "averages": {
    "gpu_util": 91.77858880778585,
    "gpu_mem_used_mib": 17673.595498783456,
    "gpu_mem_total_mib": 32760.0,
    "gpu_power_w": 192.62014841849148,
    "gpu_energy_mj": 139313.22141119218,
    "step_energy_kwh": 3.86981170586645e-05,
    "step_carbon_gco2": 0.0015479246823465818,
    "torch_cuda_allocated_mib": 5070.914531772735,
    "torch_cuda_reserved_mib": 16884.345498783456,
    "sys_mem_used_mib": 15206.11177957725,
    "sys_mem_total_mib": 515475.12890625,
    "sys_cpu_percent": 0.5102189781021895,
    "proc_rss_mib": 2226.1258173661804,
    "proc_vms_mib": 30443.563250836374,
    "proc_cpu_percent": 100.0673965936741,
    "io_read_mb": null,
    "io_write_mb": null,
    "step_duration_ms": 362.75842013017075
  },
  "peaks": {
    "gpu_util": 100.0,
    "gpu_mem_used_mib": 17681.25,
    "gpu_power_w": 194.589,
    "torch_cuda_allocated_mib": 5070.91455078125,
    "torch_cuda_reserved_mib": 16892.0,
    "sys_mem_used_mib": 15216.11328125,
    "proc_rss_mib": 2234.37890625,
    "step_duration_ms": 465.681244
  }
}