{
  "iterations": 6250,
  "averages_ms": {
    "step_ms": 624.9805469470417,
    "forward_ms": 179.69919380512022,
    "backward_ms": 348.4964936473604,
    "optimizer_step_ms": 96.0328428859198,
    "checkpoint_ms": 0.0
  }
}