{
  "iterations": 1215,
  "averages_ms": {
    "step_ms": 244.99334273168725,
    "forward_ms": 42.977969906995895,
    "backward_ms": 105.38999488971194,
    "optimizer_step_ms": 95.88574505102878,
    "checkpoint_ms": 0.0
  }
}