{
  "iterations": 821,
  "total_training_time_sec": 300.14741449430585,
  "carbon_intensity_gco2_per_kwh": 40.0,
  "cumulative_gpu_energy_kwh": 0.015932631944444445,
  "cumulative_carbon_gco2": 0.6373052777777773,
  "averages": {
    "gpu_util": 91.81508515815084,
    "gpu_mem_used_mib": 17673.595498783456,
    "gpu_mem_total_mib": 32760.0,
    "gpu_power_w": 192.84737956204378,
    "gpu_energy_mj": 139555.90024330892,
    "step_energy_kwh": 3.876552784536364e-05,
    "step_carbon_gco2": 0.0015506211138145436,
    "torch_cuda_allocated_mib": 5070.914531772735,
    "torch_cuda_reserved_mib": 16884.345498783456,
    "sys_mem_used_mib": 15349.46312347932,
    "sys_mem_total_mib": 515475.12890625,
    "sys_cpu_percent": 0.5075425790754254,
    "proc_rss_mib": 2403.0019103558393,
    "proc_vms_mib": 30644.9555866028,
    "proc_cpu_percent": 100.05912408759116,
    "io_read_mb": null,
    "io_write_mb": null,
    "step_duration_ms": 363.2859637332524
  },
  "peaks": {
    "gpu_util": 100.0,
    "gpu_mem_used_mib": 17681.25,
    "gpu_power_w": 194.31,
    "torch_cuda_allocated_mib": 5070.91455078125,
    "torch_cuda_reserved_mib": 16892.0,
    "sys_mem_used_mib": 15362.1484375,
    "proc_rss_mib": 2411.2734375,
    "step_duration_ms": 482.647632
  }
}