{
  "iterations": 6250,
  "total_training_time_sec": 3920.4334743218496,
  "carbon_intensity_gco2_per_kwh": 40.0,
  "cumulative_gpu_energy_kwh": 0.21960937138888834,
  "cumulative_carbon_gco2": 8.784374855555543,
  "averages": {
    "gpu_util": 93.45631999999989,
    "gpu_mem_used_mib": 29492.746960000015,
    "gpu_mem_total_mib": 32760.0,
    "gpu_power_w": 204.11794863999936,
    "gpu_energy_mj": 126494.99792,
    "step_energy_kwh": 3.5137499422222123e-05,
    "step_carbon_gco2": 0.0014054999768888861,
    "torch_cuda_allocated_mib": 5071.695799531248,
    "torch_cuda_reserved_mib": 28703.496960000022,
    "sys_mem_used_mib": 14890.593981874998,
    "sys_mem_total_mib": 515475.12890625,
    "sys_cpu_percent": 0.5101279999999954,
    "proc_rss_mib": 2408.2354449999993,
    "proc_vms_mib": 42315.26261249999,
    "proc_cpu_percent": 100.05636799999706,
    "io_read_mb": 0.0,
    "io_write_mb": 0.0007224999999999988,
    "step_duration_ms": 623.5348340294406
  },
  "peaks": {
    "gpu_util": 100.0,
    "gpu_mem_used_mib": 29493.25,
    "gpu_power_w": 208.668,
    "torch_cuda_allocated_mib": 5071.69580078125,
    "torch_cuda_reserved_mib": 28704.0,
    "sys_mem_used_mib": 15049.140625,
    "proc_rss_mib": 2532.83984375,
    "step_duration_ms": 751.869165
  }
}