{
  "profiles": {
    "A": {
      "duration_sec": {
        "mean": 310.07551252333604,
        "std": 0.34595262850681946,
        "n": 3
      }
    },
    "B": {
      "duration_sec": {
        "mean": 314.59954697066377,
        "std": 0.1427145828966947,
        "n": 3
      },
      "end_to_end_energy_kwh": {
        "mean": 0.04701759780410687,
        "std": 2.653313365382451e-05,
        "n": 3
      }
    },
    "C": {
      "duration_sec": {
        "mean": 310.2553801033064,
        "std": 0.5979189754788095,
        "n": 3
      },
      "end_to_end_energy_kwh": {
        "mean": 0.01589664407407408,
        "std": 5.224740500481915e-06,
        "n": 3
      },
      "phase_time_ms_per_step": {
        "forward_ms": {
          "mean": 81.55083800324405,
          "std": 0.005234577116298441
        },
        "backward_ms": {
          "mean": 184.69477799837796,
          "std": 0.030453535099074197
        },
        "optimizer_step_ms": {
          "mean": 95.74515209854017,
          "std": 0.07193102528790803
        }
      },
      "gpu_idle_windows": [
        {
          "start_sec": 0,
          "end_sec": 275,
          "duration_sec": 276,
          "avg_gpu_util": 91.83937198067633
        },
        {
          "start_sec": 277,
          "end_sec": 283,
          "duration_sec": 7,
          "avg_gpu_util": 91.02380952380952
        },
        {
          "start_sec": 285,
          "end_sec": 299,
          "duration_sec": 15,
          "avg_gpu_util": 91.18888888888888
        }
      ],
      "steps_per_sec": {
        "mean": 2.7383951020890156,
        "std": 0.001143481395948665,
        "n": 3
      },
      "samples_per_sec": {
        "mean": 21.907160816712125,
        "std": 0.00914785116758932,
        "n": 3
      },
      "energy_per_step_kwh": {
        "mean": 1.9338983058484283e-05,
        "std": 6.356131995720762e-09,
        "n": 3
      }
    }
  }
}