{
  "iterations": 62,
  "averages_ms": {
    "step_ms": 629.4270438709676,
    "forward_ms": 180.65660287096776,
    "backward_ms": 352.55967490322564,
    "optimizer_step_ms": 95.43685325806452,
    "checkpoint_ms": 0.0
  }
}