{
  "iterations": 821,
  "total_training_time_sec": 300.17406780831516,
  "carbon_intensity_gco2_per_kwh": 40.0,
  "cumulative_gpu_energy_kwh": 0.015941890555555567,
  "cumulative_carbon_gco2": 0.6376756222222222,
  "averages": {
    "gpu_util": 91.68369829683698,
    "gpu_mem_used_mib": 17673.595498783456,
    "gpu_mem_total_mib": 32760.0,
    "gpu_power_w": 192.9717761557178,
    "gpu_energy_mj": 139636.9975669097,
    "step_energy_kwh": 3.878805487969722e-05,
    "step_carbon_gco2": 0.0015515221951878891,
    "torch_cuda_allocated_mib": 5070.914531772735,
    "torch_cuda_reserved_mib": 16884.345498783456,
    "sys_mem_used_mib": 15271.171637393552,
    "sys_mem_total_mib": 515475.12890625,
    "sys_cpu_percent": 0.5109489051094881,
    "proc_rss_mib": 2405.541001368613,
    "proc_vms_mib": 30649.524368917275,
    "proc_cpu_percent": 100.07347931873485,
    "io_read_mb": null,
    "io_write_mb": null,
    "step_duration_ms": 363.4462650304508
  },
  "peaks": {
    "gpu_util": 100.0,
    "gpu_mem_used_mib": 17681.25,
    "gpu_power_w": 194.742,
    "torch_cuda_allocated_mib": 5070.91455078125,
    "torch_cuda_reserved_mib": 16892.0,
    "sys_mem_used_mib": 15276.6796875,
    "proc_rss_mib": 2413.83984375,
    "step_duration_ms": 476.438075
  }
}