{
  "iterations": 821,
  "averages_ms": {
    "step_ms": 363.4439720060904,
    "forward_ms": 81.59540508891588,
    "backward_ms": 184.94170305846527,
    "optimizer_step_ms": 96.1372028026796,
    "checkpoint_ms": 0.0
  }
}