{
  "iterations": 822,
  "total_training_time_sec": 300.31924582086504,
  "carbon_intensity_gco2_per_kwh": 40.0,
  "cumulative_gpu_energy_kwh": 0.01589069388888889,
  "cumulative_carbon_gco2": 0.6356277555555553,
  "averages": {
    "gpu_util": 91.58394160583941,
    "gpu_mem_used_mib": 17673.595498783456,
    "gpu_mem_total_mib": 32760.0,
    "gpu_power_w": 192.3552068126521,
    "gpu_energy_mj": 139188.5596107056,
    "step_energy_kwh": 3.866348878075158e-05,
    "step_carbon_gco2": 0.0015465395512300618,
    "torch_cuda_allocated_mib": 5070.914531772735,
    "torch_cuda_reserved_mib": 16884.345498783456,
    "sys_mem_used_mib": 17038.06529425181,
    "sys_mem_total_mib": 515475.12890625,
    "sys_cpu_percent": 0.5063260340632604,
    "proc_rss_mib": 2221.6836317670295,
    "proc_vms_mib": 30443.361884124086,
    "proc_cpu_percent": 100.05717761557185,
    "io_read_mb": null,
    "io_write_mb": null,
    "step_duration_ms": 362.8601641788328
  },
  "peaks": {
    "gpu_util": 100.0,
    "gpu_mem_used_mib": 17681.25,
    "gpu_power_w": 193.912,
    "torch_cuda_allocated_mib": 5070.91455078125,
    "torch_cuda_reserved_mib": 16892.0,
    "sys_mem_used_mib": 17045.76953125,
    "proc_rss_mib": 2229.93359375,
    "step_duration_ms": 468.16889
  }
}