{
  "iterations": 821,
  "total_training_time_sec": 300.1029003560543,
  "carbon_intensity_gco2_per_kwh": 40.0,
  "cumulative_gpu_energy_kwh": 0.015937934722222224,
  "cumulative_carbon_gco2": 0.6375173888888885,
  "averages": {
    "gpu_util": 91.63017031630174,
    "gpu_mem_used_mib": 17673.595498783456,
    "gpu_mem_total_mib": 32760.0,
    "gpu_power_w": 192.90158880778586,
    "gpu_energy_mj": 139602.34793187334,
    "step_energy_kwh": 3.8778429981075986e-05,
    "step_carbon_gco2": 0.0015511371992430387,
    "torch_cuda_allocated_mib": 5070.914531772735,
    "torch_cuda_reserved_mib": 16884.345498783456,
    "sys_mem_used_mib": 15252.420192746351,
    "sys_mem_total_mib": 515475.12890625,
    "sys_cpu_percent": 0.511922141119221,
    "proc_rss_mib": 2293.8730801399015,
    "proc_vms_mib": 30515.068829835767,
    "proc_cpu_percent": 100.07299270073,
    "io_read_mb": null,
    "io_write_mb": null,
    "step_duration_ms": 363.2559734652861
  },
  "peaks": {
    "gpu_util": 100.0,
    "gpu_mem_used_mib": 17681.25,
    "gpu_power_w": 194.359,
    "torch_cuda_allocated_mib": 5070.91455078125,
    "torch_cuda_reserved_mib": 16892.0,
    "sys_mem_used_mib": 15262.37109375,
    "proc_rss_mib": 2302.1640625,
    "step_duration_ms": 478.534192
  }
}