{
  "profiles": {
    "A": {
      "duration_sec": {
        "mean": 310.25778065165895,
        "std": 0.5935170839912158,
        "n": 3
      }
    },
    "B": {
      "duration_sec": {
        "mean": 314.8806890309982,
        "std": 0.20875362962857089,
        "n": 3
      },
      "end_to_end_energy_kwh": {
        "mean": 0.04566279936629277,
        "std": 1.5790777214137148e-05,
        "n": 3
      }
    },
    "C": {
      "duration_sec": {
        "mean": 309.66644484332454,
        "std": 0.17593557484866063,
        "n": 3
      },
      "end_to_end_energy_kwh": {
        "mean": 0.014607889444444454,
        "std": 1.0162565000624867e-05,
        "n": 3
      },
      "phase_time_ms_per_step": {
        "forward_ms": {
          "mean": 42.9722854000837,
          "std": 0.004653205158246739
        },
        "backward_ms": {
          "mean": 105.30066266503096,
          "std": 0.13441151575552435
        },
        "optimizer_step_ms": {
          "mean": 95.95028461902119,
          "std": 0.23834708571089241
        }
      },
      "gpu_idle_windows": [
        {
          "start_sec": 0,
          "end_sec": 300,
          "duration_sec": 301,
          "avg_gpu_util": 83.30897009966777
        }
      ],
      "steps_per_sec": {
        "mean": 4.050036493660243,
        "std": 0.002260628121372563,
        "n": 3
      },
      "samples_per_sec": {
        "mean": 16.20014597464097,
        "std": 0.009042512485490251,
        "n": 3
      },
      "energy_per_step_kwh": {
        "mean": 1.2016361307459256e-05,
        "std": 7.1189187169206565e-09,
        "n": 3
      }
    }
  }
}