{
  "forward_ms": {
    "mean": 42.9892662436952,
    "std": 0.03047481313264249
  },
  "backward_ms": {
    "mean": 105.22061660964913,
    "std": 0.020336746973599832
  },
  "optimizer_step_ms": {
    "mean": 95.90511391639251,
    "std": 0.09378716125254737
  }
}